Value;Count;Percentage
No PTM;1090;83.58895705521472
Other;207;15.874233128834355
Sialylated;3;0.23006134969325154
Oligomannose;2;0.15337423312883436
Fucosylated;2;0.15337423312883436
