Value;Count;Percentage
No PTM;1288;83.79960962914768
Other;240;15.614834092387769
Fucosylated;5;0.32530904359141183
Oligomannose;2;0.13012361743656475
Sialylated;2;0.13012361743656475
