Value;Count;Percentage
Other;353;84.85576923076923
Fucosylated;19;4.567307692307692
Oligomannose;19;4.567307692307692
Sialylated;16;3.8461538461538463
Fucosialylated;9;2.1634615384615383
