Value;Count;Percentage
Other;534;86.97068403908796
Fucosylated;39;6.351791530944626
Oligomannose;23;3.7459283387622153
Fucosialylated;12;1.9543973941368076
Sialylated;6;0.9771986970684038
