Value;Count;Percentage
No PTM;2782;76.53370013755159
Other;796;21.898211829436036
Fucosylated;24;0.6602475928473178
Oligomannose;17;0.4676753782668501
Sialylated;16;0.4401650618982118
