Value;Count;Percentage
Other;478;88.35489833641404
Fucosylated;23;4.251386321626617
Oligomannose;20;3.6968576709796674
Fucosialylated;10;1.8484288354898337
Sialylated;10;1.8484288354898337
