Value;Count;Percentage
Other;1365;86.88733290897518
Fucosylated;81;5.155951623169956
Oligomannose;62;3.946530872056015
Sialylated;32;2.0369191597708465
Fucosialylated;31;1.9732654360280075
