Value;Count;Percentage
Other;78;67.82608695652173
Fucosylated;15;13.043478260869565
Oligomannose;10;8.695652173913043
Sialylated;7;6.086956521739131
Fucosialylated;5;4.3478260869565215
