Value;Count;Percentage
Other;56;69.1358024691358
Oligomannose;10;12.345679012345679
Fucosylated;7;8.641975308641975
Sialylated;5;6.172839506172839
Fucosialylated;3;3.7037037037037033
