Value;Count;Percentage
Other;83;72.17391304347827
Sialylated;11;9.565217391304348
Fucosylated;9;7.82608695652174
Oligomannose;8;6.956521739130435
Fucosialylated;4;3.4782608695652173
