Value;Count;Percentage
Other;101;60.8433734939759
Fucosylated;23;13.855421686746988
Oligomannose;18;10.843373493975903
Sialylated;17;10.240963855421686
Fucosialylated;7;4.216867469879518
