Value;Count;Percentage
No PTM;3134;81.59333506899245
Other;684;17.80786253579797
Sialylated;9;0.2343139807341838
Oligomannose;8;0.2082790939859412
Fucosylated;6;0.15620932048945588
