Value;Count;Percentage
Other;652;86.35761589403972
Fucosylated;49;6.490066225165562
Oligomannose;29;3.8410596026490067
Fucosialylated;14;1.8543046357615895
Sialylated;11;1.456953642384106
