Value;Count;Percentage
Other;614;89.3740902474527
Oligomannose;28;4.075691411935954
Fucosylated;24;3.4934497816593884
Sialylated;11;1.6011644832605532
Fucosialylated;10;1.455604075691412
