Value;Count;Percentage
NoPTM;100;76.92307692307693
Other;24;18.461538461538463
Oligomannose;2;1.5384615384615385
Fucosylated;2;1.5384615384615385
Sialylated;2;1.5384615384615385
