Value;Count;Percentage
NoPTM;54;77.14285714285715
Other;11;15.714285714285714
Fucosylated;2;2.857142857142857
Oligomannose;2;2.857142857142857
Sialylated;1;1.4285714285714286
