Value;Count;Percentage
NoPTM;187;68.75
Other;63;23.161764705882355
Fucosylated;9;3.308823529411765
Oligomannose;7;2.5735294117647056
Sialylated;6;2.2058823529411766
