Value;Count;Percentage
Other;67;72.04301075268818
Sialylated;8;8.60215053763441
Oligomannose;7;7.526881720430108
Fucosylated;7;7.526881720430108
Fucosialylated;4;4.301075268817205
