Value;Count;Percentage
Other;42;68.85245901639344
Oligomannose;6;9.836065573770492
Fucosylated;6;9.836065573770492
Sialylated;4;6.557377049180328
Fucosialylated;3;4.918032786885246
