Value;Count;Percentage
Other;82;67.21311475409836
Fucosylated;13;10.655737704918032
Oligomannose;11;9.01639344262295
Sialylated;11;9.01639344262295
Fucosialylated;5;4.098360655737705
