Value;Count;Percentage
Fucosylated;86;42.57425742574257
Other;48;23.762376237623762
Sialylated;39;19.306930693069308
Oligomannose;21;10.396039603960396
Fucosialylated;8;3.9603960396039604
