Value;Count;Percentage
DSYVGDEAQSKR;42;20.792079207920793
SPTIPFFDPQIPK;29;14.356435643564355
LQNPSESSEPIPLESR;20;9.900990099009901
DSYVGDEAQSK;15;7.425742574257425
ETIESLSSSEESITEYKQKVEK;14;6.9306930693069315
IDSGLYLGSGYFTAIQNLR;4;1.9801980198019802
NILREKQTDEIKDTR;4;1.9801980198019802
GAGSTTVKIVLKEK;4;1.9801980198019802
KQTALVELVK;4;1.9801980198019802
LNEYNQLQLQAAHAQEQIR;4;1.9801980198019802
RSDTSLTWNSVK;4;1.9801980198019802
VPQVSTPTLVEVSR;3;1.4851485148514851
VLVHTSVSPSPDNLR;3;1.4851485148514851
QTDEIKDTR;3;1.4851485148514851
KRGPGTPAPTGLSAPLSFIPR;3;1.4851485148514851
EITALAPSTMKIK;3;1.4851485148514851
VLPIPQQVVPYPQR;2;0.9900990099009901
YPERLQNPSESSEPIPLESR;2;0.9900990099009901
GRVMPVLKSPTIPFFDPQIPK;2;0.9900990099009901
RMWVTGVVTQGASR;2;0.9900990099009901
VLVHTSVSPSPDNLRR;1;0.49504950495049505
TRADVKGGTLTQYEGK;1;0.49504950495049505
DLRFQPVSIGRWGLGSR;1;0.49504950495049505
LSPDDADFVDVLHTFTR;1;0.49504950495049505
GGSFQLNELQGLK;1;0.49504950495049505
ETIESLSSSEESITEYK;1;0.49504950495049505
VTFLGLQHWVPELAR;1;0.49504950495049505
VMPVLKSPTIPFFDPQIPK;1;0.49504950495049505
TDISMSDFENSR;1;0.49504950495049505
LTRKYNELLK;1;0.49504950495049505
DVTVLQNTDGNNNEAWAK;1;0.49504950495049505
ADLEKLTSLSDR;1;0.49504950495049505
LRPVAAEVYGTER;1;0.49504950495049505
TLADLTLLDSPIK;1;0.49504950495049505
DSVASTITGVMDKTK;1;0.49504950495049505
AGHIAWTSSGK;1;0.49504950495049505
SEEEVAAR;1;0.49504950495049505
GDLSSIR;1;0.49504950495049505
EDAIWNLLRQAQEK;1;0.49504950495049505
EFVGNWNKNAVHVNLFETPVEAQYVR;1;0.49504950495049505
NAVHVNLFETPVEAQYVR;1;0.49504950495049505
DSAIGFSRVPPR;1;0.49504950495049505
LRPVAAEVYGTERQPR;1;0.49504950495049505
ELDESLQVAER;1;0.49504950495049505
IGQDGISTSATTNLK;1;0.49504950495049505
EVSDSLLTSSK;1;0.49504950495049505
EKQTDEIKDTR;1;0.49504950495049505
ALVDTLKFVTQAEGAKQTEATMTFK;1;0.49504950495049505
DTVYTKGRVMPVLKSPTIPFFDPQIPK;1;0.49504950495049505
CPRQRRALERGLQDEDGYR;1;0.49504950495049505
SLDLDSIIAEVK;1;0.49504950495049505
VSPAVLVHR;1;0.49504950495049505
ETCFAEEGKK;1;0.49504950495049505
YVNKEIQNAVNGVK;1;0.49504950495049505
QELNGNTK;1;0.49504950495049505
