Value;Count;Percentage
Sialylated;6;40.0
Other;5;33.33333333333333
Fucosylated;2;13.333333333333334
Oligomannose;2;13.333333333333334
