Value;Count;Percentage
LQNPSESSEPIPLESR;54;21.428571428571427
SPTIPFFDPQIPK;24;9.523809523809524
LNEYNQLQLQAAHAQEQIR;20;7.936507936507936
YPERLQNPSESSEPIPLESR;16;6.349206349206349
RSDTSLTWNSVK;10;3.968253968253968
QTDEIKDTR;10;3.968253968253968
STDYGIFQINSR;9;3.571428571428571
QYLPNSHPPTVVR;8;3.1746031746031744
EKQTDEIKDTR;7;2.7777777777777777
LPLRYPERLQNPSESSEPIPLESR;5;1.984126984126984
ETIESLSSSEESITEYKQKVEK;5;1.984126984126984
LNEYNQLQLQAAHAQEQIRR;5;1.984126984126984
NILREKQTDEIKDTR;5;1.984126984126984
IDSGLYLGSGYFTAIQNLR;5;1.984126984126984
SEEEVAAR;3;1.1904761904761905
TYYANPAVVRPHAQIPQR;3;1.1904761904761905
FLNSNSGLQGLQFYRLHR;3;1.1904761904761905
VMPVLKSPTIPFFDPQIPK;3;1.1904761904761905
TIKKQVVLEEGTIAFK;3;1.1904761904761905
DSAIGFSR;3;1.1904761904761905
VPPRIDSGLYLGSGYFTAIQNLR;2;0.7936507936507936
DVTVLQNTDGNNNEAWAK;2;0.7936507936507936
GGSSSGGGYGSGGGGSSSVK;2;0.7936507936507936
SEEEVAARR;2;0.7936507936507936
KRGPGTPAPTGLSAPLSFIPR;2;0.7936507936507936
YLGPQYVAGITNLK;2;0.7936507936507936
IPGLLSPHPLLQLSYTATDR;2;0.7936507936507936
SDTSLTWNSVK;2;0.7936507936507936
GRVMPVLKSPTIPFFDPQIPK;2;0.7936507936507936
MESSISSSSEEMSLSK;1;0.3968253968253968
SGSGLVGR;1;0.3968253968253968
GAVQSGVDKTK;1;0.3968253968253968
LVTGNPSTGTAGTIPR;1;0.3968253968253968
VLPIPQQVVPYPQR;1;0.3968253968253968
AATVGSLAGQPLQER;1;0.3968253968253968
GGSFQLNELQGLK;1;0.3968253968253968
TTYEKYLGPQYVAGITNLKK;1;0.3968253968253968
SSMFQVR;1;0.3968253968253968
YVNKEIQNAVNGVK;1;0.3968253968253968
NSKIEISELNR;1;0.3968253968253968
TLNNKFASFIDKVR;1;0.3968253968253968
RPNLHPSFIAIPPK;1;0.3968253968253968
GSLGGGFSSGGFSGGSFSR;1;0.3968253968253968
FQLFGSPSGQK;1;0.3968253968253968
LPILNQPSTQIVANAK;1;0.3968253968253968
EVSDSLLTSSK;1;0.3968253968253968
VLVHTSVSPSPDNLR;1;0.3968253968253968
GAGSTTVKIVLKEK;1;0.3968253968253968
SVNGKEDAIWNLLR;1;0.3968253968253968
IDSGLYLGSGYFTAIQNLRK;1;0.3968253968253968
EDAIWNLLRQAQEKFGKDKSPK;1;0.3968253968253968
DLLFKDSAIGFSR;1;0.3968253968253968
EVTGIITQGAR;1;0.3968253968253968
EDAIWNLLR;1;0.3968253968253968
KGGSFQLNELQGLK;1;0.3968253968253968
KVIFCSREK;1;0.3968253968253968
LEPQIASASEYAHR;1;0.3968253968253968
ESTVFEDLSDEAER;1;0.3968253968253968
GGSGGGGGGSSGGR;1;0.3968253968253968
TLTAAAVSGAQPILSK;1;0.3968253968253968
ATEHLSTLSEK;1;0.3968253968253968
QHAYEHSLGKLRATK;1;0.3968253968253968
