Value;Count;Percentage
Fucosylated;77;30.555555555555557
Sialylated;77;30.555555555555557
Other;53;21.03174603174603
Oligomannose;33;13.095238095238097
Fucosialylated;12;4.761904761904762
