Value;Count;Percentage
LQNPSESSEPIPLESR;22;12.359550561797752
LNEYNQLQLQAAHAQEQIR;17;9.550561797752808
SPTIPFFDPQIPK;13;7.303370786516854
DSYVGDEAQSKR;9;5.056179775280898
YPERLQNPSESSEPIPLESR;7;3.932584269662921
RSDTSLTWNSVK;7;3.932584269662921
DSYVGDEAQSK;6;3.3707865168539324
QTDEIKDTR;5;2.8089887640449436
GAGSTTVKIVLKEK;4;2.247191011235955
NILREKQTDEIKDTR;4;2.247191011235955
YLGPQYVAGITNLK;4;2.247191011235955
TLIEKTNEER;4;2.247191011235955
KRGPGTPAPTGLSAPLSFIPR;4;2.247191011235955
LPLRYPERLQNPSESSEPIPLESR;3;1.6853932584269662
IDSGLYLGSGYFTAIQNLR;3;1.6853932584269662
FQLFGSPSGQK;3;1.6853932584269662
EKQTDEIKDTR;3;1.6853932584269662
YVNKEIQNAVNGVK;2;1.1235955056179776
GGSFQLNELQGLK;2;1.1235955056179776
ETIESLSSSEESITEYKQKVEK;2;1.1235955056179776
GRVMPVLKSPTIPFFDPQIPK;2;1.1235955056179776
LRPVAAEVYGTER;2;1.1235955056179776
VMPVLKSPTIPFFDPQIPK;2;1.1235955056179776
VLVHTSVSPSPDNLR;2;1.1235955056179776
LADGGATNQGR;2;1.1235955056179776
LSPDDADFVDVLHTFTR;2;1.1235955056179776
LNEYNQLQLQAAHAQEQIRR;2;1.1235955056179776
KKKEDALNETR;2;1.1235955056179776
VRGPPVSCIK;1;0.5617977528089888
EDAIWNLLRQAQEK;1;0.5617977528089888
KTLQALEFHTVPFQLLAR;1;0.5617977528089888
FLNSNSGLQGLQFYRLHR;1;0.5617977528089888
EDAIWNLLRQAQEKFGKDKSPK;1;0.5617977528089888
QPRTHYYAVAVVK;1;0.5617977528089888
NSKIEISELNR;1;0.5617977528089888
VLVHTSVSPSPDNLRR;1;0.5617977528089888
DKSPKFQLFGSPSGQK;1;0.5617977528089888
NPDEEGLFTVAASVIIRDTSAK;1;0.5617977528089888
THYYAVAVVKKGGSFQLNELQGLK;1;0.5617977528089888
LVTSTRAHAK;1;0.5617977528089888
HFRPKGAGSTTVKIVLKEK;1;0.5617977528089888
STVVSTAVALAAYK;1;0.5617977528089888
ARPDMFCLFHGK;1;0.5617977528089888
ELFRLDSPATPEKIR;1;0.5617977528089888
FDASFFGVHPK;1;0.5617977528089888
KQTALVELVK;1;0.5617977528089888
SDTSLTWNSVK;1;0.5617977528089888
DVTVLQNTDGNNNEAWAK;1;0.5617977528089888
DGSFSVVITGLRKEDAGR;1;0.5617977528089888
VPQVSTPTLVEVSR;1;0.5617977528089888
GLLIFDASSSWGPQMSASVHLDSK;1;0.5617977528089888
SGSGLVGR;1;0.5617977528089888
ETIESLSSSEESITEYK;1;0.5617977528089888
RMWVTGVVTQGASR;1;0.5617977528089888
EVSDSLLTSSK;1;0.5617977528089888
EGDLTHFNQKLEGFTLPR;1;0.5617977528089888
GEADAMSLDGGYVYTAGK;1;0.5617977528089888
SVNGKEDAIWNLLR;1;0.5617977528089888
DSGRDYVSQFEGSALGK;1;0.5617977528089888
KQDFQKEAQHFR;1;0.5617977528089888
INSKHLR;1;0.5617977528089888
DSAIGFSRVPPR;1;0.5617977528089888
KGGSFQLNELQGLK;1;0.5617977528089888
KPVTEAR;1;0.5617977528089888
KNPKFMETVAEKALQEYR;1;0.5617977528089888
SEEEVAAR;1;0.5617977528089888
