Value;Count;Percentage
Other;1669;87.06311945748566
Fucosylated;95;4.95565988523735
Oligomannose;77;4.016692749087116
Sialylated;43;2.2430881585811164
Fucosialylated;33;1.7214397496087637
