Value;Count;Percentage
Other;403;84.84210526315789
Fucosylated;22;4.631578947368421
Sialylated;21;4.421052631578947
Oligomannose;20;4.2105263157894735
Fucosialylated;9;1.8947368421052633
