Value;Count;Percentage
DSYVGDEAQSKR;27;32.142857142857146
SPTIPFFDPQIPK;10;11.904761904761903
LQNPSESSEPIPLESR;10;11.904761904761903
DSYVGDEAQSK;9;10.714285714285714
EITALAPSTMKIK;3;3.571428571428571
ETIESLSSSEESITEYKQKVEK;3;3.571428571428571
KRGPGTPAPTGLSAPLSFIPR;2;2.380952380952381
VLVHTSVSPSPDNLR;2;2.380952380952381
QTDEIKDTR;2;2.380952380952381
GRVMPVLKSPTIPFFDPQIPK;2;2.380952380952381
LNEYNQLQLQAAHAQEQIR;2;2.380952380952381
ALVDTLKFVTQAEGAKQTEATMTFK;1;1.1904761904761905
EKQTDEIKDTR;1;1.1904761904761905
EVSDSLLTSSK;1;1.1904761904761905
IGQDGISTSATTNLK;1;1.1904761904761905
ELDESLQVAER;1;1.1904761904761905
RSDTSLTWNSVK;1;1.1904761904761905
LRPVAAEVYGTERQPR;1;1.1904761904761905
RMWVTGVVTQGASR;1;1.1904761904761905
DSAIGFSRVPPR;1;1.1904761904761905
NAVHVNLFETPVEAQYVR;1;1.1904761904761905
EFVGNWNKNAVHVNLFETPVEAQYVR;1;1.1904761904761905
KQTALVELVK;1;1.1904761904761905
