Value;Count;Percentage
DSYVGDEAQSKR;15;22.388059701492537
LQNPSESSEPIPLESR;6;8.955223880597014
SPTIPFFDPQIPK;6;8.955223880597014
DSYVGDEAQSK;6;8.955223880597014
ETIESLSSSEESITEYKQKVEK;4;5.970149253731343
KQTALVELVK;3;4.477611940298507
NILREKQTDEIKDTR;3;4.477611940298507
RSDTSLTWNSVK;2;2.9850746268656714
LNEYNQLQLQAAHAQEQIR;2;2.9850746268656714
VLPIPQQVVPYPQR;2;2.9850746268656714
IDSGLYLGSGYFTAIQNLR;2;2.9850746268656714
GAGSTTVKIVLKEK;2;2.9850746268656714
ETCFAEEGKK;1;1.4925373134328357
YPERLQNPSESSEPIPLESR;1;1.4925373134328357
VLVHTSVSPSPDNLRR;1;1.4925373134328357
GDLSSIR;1;1.4925373134328357
EDAIWNLLRQAQEK;1;1.4925373134328357
YVNKEIQNAVNGVK;1;1.4925373134328357
CPRQRRALERGLQDEDGYR;1;1.4925373134328357
KRGPGTPAPTGLSAPLSFIPR;1;1.4925373134328357
VSPAVLVHR;1;1.4925373134328357
SLDLDSIIAEVK;1;1.4925373134328357
SEEEVAAR;1;1.4925373134328357
DTVYTKGRVMPVLKSPTIPFFDPQIPK;1;1.4925373134328357
VPQVSTPTLVEVSR;1;1.4925373134328357
QTDEIKDTR;1;1.4925373134328357
