Value;Count;Percentage
Fucosylated;30;44.776119402985074
Other;18;26.865671641791046
Sialylated;11;16.417910447761194
Oligomannose;6;8.955223880597014
Fucosialylated;2;2.9850746268656714
