Value;Count;Percentage
Other;19;37.254901960784316
Fucosylated;13;25.49019607843137
Sialylated;11;21.568627450980394
Oligomannose;6;11.76470588235294
Fucosialylated;2;3.9215686274509802
