Value;Count;Percentage
Fucosylated;43;51.19047619047619
Sialylated;17;20.238095238095237
Other;11;13.095238095238097
Oligomannose;9;10.714285714285714
Fucosialylated;4;4.761904761904762
