Value;Count;Percentage
SPTIPFFDPQIPK;13;25.49019607843137
ETIESLSSSEESITEYKQKVEK;7;13.725490196078432
LQNPSESSEPIPLESR;4;7.8431372549019605
IDSGLYLGSGYFTAIQNLR;2;3.9215686274509802
GAGSTTVKIVLKEK;2;3.9215686274509802
VPQVSTPTLVEVSR;2;3.9215686274509802
DSVASTITGVMDKTK;1;1.9607843137254901
DLRFQPVSIGRWGLGSR;1;1.9607843137254901
ETIESLSSSEESITEYK;1;1.9607843137254901
TDISMSDFENSR;1;1.9607843137254901
YPERLQNPSESSEPIPLESR;1;1.9607843137254901
ADLEKLTSLSDR;1;1.9607843137254901
LRPVAAEVYGTER;1;1.9607843137254901
AGHIAWTSSGK;1;1.9607843137254901
VLVHTSVSPSPDNLR;1;1.9607843137254901
LTRKYNELLK;1;1.9607843137254901
DVTVLQNTDGNNNEAWAK;1;1.9607843137254901
TLADLTLLDSPIK;1;1.9607843137254901
NILREKQTDEIKDTR;1;1.9607843137254901
TRADVKGGTLTQYEGK;1;1.9607843137254901
VMPVLKSPTIPFFDPQIPK;1;1.9607843137254901
RSDTSLTWNSVK;1;1.9607843137254901
RMWVTGVVTQGASR;1;1.9607843137254901
VTFLGLQHWVPELAR;1;1.9607843137254901
GGSFQLNELQGLK;1;1.9607843137254901
LSPDDADFVDVLHTFTR;1;1.9607843137254901
QELNGNTK;1;1.9607843137254901
