Value;Count;Percentage
GGSFQLNELQGLK;5;33.33333333333333
GGSSSGGGYGSGGGGSSSVK;2;13.333333333333334
YPERLQNPSESSEPIPLESR;1;6.666666666666667
EIQNAVNGVKQIK;1;6.666666666666667
EIETYHNLLEGGQEDFESSGAGK;1;6.666666666666667
SVNGKEDAIWNLLR;1;6.666666666666667
LQNPSESSEPIPLESR;1;6.666666666666667
SLNNQFASFIDKVR;1;6.666666666666667
SLDLDSIIAEVK;1;6.666666666666667
IIRSSEDPNEDIVER;1;6.666666666666667
