Value;Count;Percentage
Ac Hex HexNAc NeuAc;3;50.0
Hexose;1;16.666666666666664
HexNAc1dHex1;1;16.666666666666664
Hexosamine;1;16.666666666666664
