Value;Count;Percentage
Sialylated;3;50.0
Other;2;33.33333333333333
Fucosylated;1;16.666666666666664
