Value;Count;Percentage
P02788;3;50.0
P35908;1;16.666666666666664
P47710;1;16.666666666666664
P10909;1;16.666666666666664
