Value;Count;Percentage
LQNPSESSEPIPLESR;21;18.91891891891892
LNEYNQLQLQAAHAQEQIR;16;14.414414414414415
YPERLQNPSESSEPIPLESR;9;8.108108108108109
SPTIPFFDPQIPK;9;8.108108108108109
LNEYNQLQLQAAHAQEQIRR;5;4.504504504504505
RSDTSLTWNSVK;4;3.6036036036036037
EKQTDEIKDTR;4;3.6036036036036037
LPLRYPERLQNPSESSEPIPLESR;4;3.6036036036036037
QYLPNSHPPTVVR;3;2.7027027027027026
TIKKQVVLEEGTIAFK;3;2.7027027027027026
IDSGLYLGSGYFTAIQNLR;3;2.7027027027027026
NILREKQTDEIKDTR;3;2.7027027027027026
ETIESLSSSEESITEYKQKVEK;2;1.8018018018018018
QTDEIKDTR;2;1.8018018018018018
VPPRIDSGLYLGSGYFTAIQNLR;2;1.8018018018018018
DSAIGFSR;1;0.9009009009009009
TYYANPAVVRPHAQIPQR;1;0.9009009009009009
SVNGKEDAIWNLLR;1;0.9009009009009009
GAGSTTVKIVLKEK;1;0.9009009009009009
IDSGLYLGSGYFTAIQNLRK;1;0.9009009009009009
EDAIWNLLRQAQEKFGKDKSPK;1;0.9009009009009009
VLVHTSVSPSPDNLR;1;0.9009009009009009
GRVMPVLKSPTIPFFDPQIPK;1;0.9009009009009009
DLLFKDSAIGFSR;1;0.9009009009009009
VMPVLKSPTIPFFDPQIPK;1;0.9009009009009009
SDTSLTWNSVK;1;0.9009009009009009
SEEEVAAR;1;0.9009009009009009
EVTGIITQGAR;1;0.9009009009009009
STDYGIFQINSR;1;0.9009009009009009
KGGSFQLNELQGLK;1;0.9009009009009009
KRGPGTPAPTGLSAPLSFIPR;1;0.9009009009009009
ESTVFEDLSDEAER;1;0.9009009009009009
TTYEKYLGPQYVAGITNLKK;1;0.9009009009009009
YLGPQYVAGITNLK;1;0.9009009009009009
ATEHLSTLSEK;1;0.9009009009009009
SEEEVAARR;1;0.9009009009009009
