Value;Count;Percentage
LQNPSESSEPIPLESR;20;27.77777777777778
SPTIPFFDPQIPK;8;11.11111111111111
STDYGIFQINSR;6;8.333333333333332
YPERLQNPSESSEPIPLESR;5;6.944444444444445
QYLPNSHPPTVVR;3;4.166666666666666
QTDEIKDTR;3;4.166666666666666
LNEYNQLQLQAAHAQEQIR;3;4.166666666666666
RSDTSLTWNSVK;2;2.7777777777777777
SEEEVAAR;2;2.7777777777777777
IPGLLSPHPLLQLSYTATDR;2;2.7777777777777777
EVSDSLLTSSK;1;1.3888888888888888
LPLRYPERLQNPSESSEPIPLESR;1;1.3888888888888888
TLTAAAVSGAQPILSK;1;1.3888888888888888
GGSGGGGGGSSGGR;1;1.3888888888888888
DSAIGFSR;1;1.3888888888888888
LEPQIASASEYAHR;1;1.3888888888888888
KVIFCSREK;1;1.3888888888888888
EDAIWNLLR;1;1.3888888888888888
GAVQSGVDKTK;1;1.3888888888888888
GRVMPVLKSPTIPFFDPQIPK;1;1.3888888888888888
IDSGLYLGSGYFTAIQNLR;1;1.3888888888888888
ETIESLSSSEESITEYKQKVEK;1;1.3888888888888888
TYYANPAVVRPHAQIPQR;1;1.3888888888888888
VMPVLKSPTIPFFDPQIPK;1;1.3888888888888888
NILREKQTDEIKDTR;1;1.3888888888888888
EKQTDEIKDTR;1;1.3888888888888888
AATVGSLAGQPLQER;1;1.3888888888888888
SSMFQVR;1;1.3888888888888888
