Value;Count;Percentage
Sialylated;26;36.11111111111111
Fucosylated;21;29.166666666666668
Oligomannose;11;15.277777777777779
Other;10;13.88888888888889
Fucosialylated;4;5.555555555555555
