Value;Count;Percentage
Other;22;31.88405797101449
Fucosylated;17;24.637681159420293
Sialylated;16;23.18840579710145
Oligomannose;10;14.492753623188406
Fucosialylated;4;5.797101449275362
