Value;Count;Percentage
LQNPSESSEPIPLESR;13;18.84057971014493
SPTIPFFDPQIPK;7;10.144927536231885
QTDEIKDTR;5;7.246376811594203
RSDTSLTWNSVK;4;5.797101449275362
FLNSNSGLQGLQFYRLHR;3;4.3478260869565215
GGSSSGGGYGSGGGGSSSVK;2;2.898550724637681
ETIESLSSSEESITEYKQKVEK;2;2.898550724637681
QYLPNSHPPTVVR;2;2.898550724637681
EKQTDEIKDTR;2;2.898550724637681
DVTVLQNTDGNNNEAWAK;2;2.898550724637681
STDYGIFQINSR;2;2.898550724637681
YPERLQNPSESSEPIPLESR;2;2.898550724637681
KRGPGTPAPTGLSAPLSFIPR;1;1.4492753623188406
DSAIGFSR;1;1.4492753623188406
SDTSLTWNSVK;1;1.4492753623188406
FQLFGSPSGQK;1;1.4492753623188406
TYYANPAVVRPHAQIPQR;1;1.4492753623188406
SEEEVAARR;1;1.4492753623188406
GSLGGGFSSGGFSGGSFSR;1;1.4492753623188406
RPNLHPSFIAIPPK;1;1.4492753623188406
TLNNKFASFIDKVR;1;1.4492753623188406
NSKIEISELNR;1;1.4492753623188406
YVNKEIQNAVNGVK;1;1.4492753623188406
LPILNQPSTQIVANAK;1;1.4492753623188406
MESSISSSSEEMSLSK;1;1.4492753623188406
GGSFQLNELQGLK;1;1.4492753623188406
YLGPQYVAGITNLK;1;1.4492753623188406
VMPVLKSPTIPFFDPQIPK;1;1.4492753623188406
IDSGLYLGSGYFTAIQNLR;1;1.4492753623188406
SGSGLVGR;1;1.4492753623188406
VLPIPQQVVPYPQR;1;1.4492753623188406
LVTGNPSTGTAGTIPR;1;1.4492753623188406
LNEYNQLQLQAAHAQEQIR;1;1.4492753623188406
NILREKQTDEIKDTR;1;1.4492753623188406
QHAYEHSLGKLRATK;1;1.4492753623188406
