Value;Count;Percentage
Fucosylated;39;35.13513513513514
Sialylated;35;31.53153153153153
Other;21;18.91891891891892
Oligomannose;12;10.81081081081081
Fucosialylated;4;3.6036036036036037
