Value;Count;Percentage
Fucosylated;20;39.21568627450981
Sialylated;13;25.49019607843137
Oligomannose;10;19.607843137254903
Other;8;15.686274509803921
