Value;Count;Percentage
Fucosylated;31;50.81967213114754
Other;15;24.59016393442623
Sialylated;11;18.0327868852459
Oligomannose;3;4.918032786885246
Fucosialylated;1;1.639344262295082
