Value;Count;Percentage
SPTIPFFDPQIPK;5;7.575757575757576
LQNPSESSEPIPLESR;5;7.575757575757576
LNEYNQLQLQAAHAQEQIR;4;6.0606060606060606
YPERLQNPSESSEPIPLESR;3;4.545454545454546
KRGPGTPAPTGLSAPLSFIPR;3;4.545454545454546
RSDTSLTWNSVK;3;4.545454545454546
TLIEKTNEER;3;4.545454545454546
QTDEIKDTR;3;4.545454545454546
VLVHTSVSPSPDNLR;2;3.0303030303030303
LRPVAAEVYGTER;2;3.0303030303030303
NILREKQTDEIKDTR;2;3.0303030303030303
EKQTDEIKDTR;2;3.0303030303030303
GAGSTTVKIVLKEK;2;3.0303030303030303
LVTSTRAHAK;1;1.5151515151515151
LPLRYPERLQNPSESSEPIPLESR;1;1.5151515151515151
YLGPQYVAGITNLK;1;1.5151515151515151
HFRPKGAGSTTVKIVLKEK;1;1.5151515151515151
NPDEEGLFTVAASVIIRDTSAK;1;1.5151515151515151
VPQVSTPTLVEVSR;1;1.5151515151515151
STVVSTAVALAAYK;1;1.5151515151515151
ARPDMFCLFHGK;1;1.5151515151515151
ELFRLDSPATPEKIR;1;1.5151515151515151
FDASFFGVHPK;1;1.5151515151515151
KQTALVELVK;1;1.5151515151515151
EDAIWNLLRQAQEK;1;1.5151515151515151
EDAIWNLLRQAQEKFGKDKSPK;1;1.5151515151515151
VLVHTSVSPSPDNLRR;1;1.5151515151515151
NSKIEISELNR;1;1.5151515151515151
LADGGATNQGR;1;1.5151515151515151
ETIESLSSSEESITEYKQKVEK;1;1.5151515151515151
QPRTHYYAVAVVK;1;1.5151515151515151
GGSFQLNELQGLK;1;1.5151515151515151
FLNSNSGLQGLQFYRLHR;1;1.5151515151515151
KTLQALEFHTVPFQLLAR;1;1.5151515151515151
KKKEDALNETR;1;1.5151515151515151
IDSGLYLGSGYFTAIQNLR;1;1.5151515151515151
VMPVLKSPTIPFFDPQIPK;1;1.5151515151515151
THYYAVAVVKKGGSFQLNELQGLK;1;1.5151515151515151
DVTVLQNTDGNNNEAWAK;1;1.5151515151515151
SEEEVAAR;1;1.5151515151515151
