Value;Count;Percentage
DSYVGDEAQSKR;9;14.754098360655737
LQNPSESSEPIPLESR;7;11.475409836065573
DSYVGDEAQSK;6;9.836065573770492
RSDTSLTWNSVK;4;6.557377049180328
LNEYNQLQLQAAHAQEQIR;3;4.918032786885246
YLGPQYVAGITNLK;3;4.918032786885246
FQLFGSPSGQK;3;4.918032786885246
LSPDDADFVDVLHTFTR;2;3.278688524590164
YPERLQNPSESSEPIPLESR;2;3.278688524590164
SPTIPFFDPQIPK;2;3.278688524590164
LPLRYPERLQNPSESSEPIPLESR;2;3.278688524590164
IDSGLYLGSGYFTAIQNLR;2;3.278688524590164
GLLIFDASSSWGPQMSASVHLDSK;1;1.639344262295082
VRGPPVSCIK;1;1.639344262295082
RMWVTGVVTQGASR;1;1.639344262295082
ETIESLSSSEESITEYKQKVEK;1;1.639344262295082
KKKEDALNETR;1;1.639344262295082
EGDLTHFNQKLEGFTLPR;1;1.639344262295082
INSKHLR;1;1.639344262295082
SVNGKEDAIWNLLR;1;1.639344262295082
NILREKQTDEIKDTR;1;1.639344262295082
KGGSFQLNELQGLK;1;1.639344262295082
KNPKFMETVAEKALQEYR;1;1.639344262295082
LNEYNQLQLQAAHAQEQIRR;1;1.639344262295082
SDTSLTWNSVK;1;1.639344262295082
EKQTDEIKDTR;1;1.639344262295082
DKSPKFQLFGSPSGQK;1;1.639344262295082
DGSFSVVITGLRKEDAGR;1;1.639344262295082
