Value;Count;Percentage
LQNPSESSEPIPLESR;10;19.607843137254903
LNEYNQLQLQAAHAQEQIR;10;19.607843137254903
SPTIPFFDPQIPK;6;11.76470588235294
GAGSTTVKIVLKEK;2;3.9215686274509802
YVNKEIQNAVNGVK;2;3.9215686274509802
YPERLQNPSESSEPIPLESR;2;3.9215686274509802
QTDEIKDTR;2;3.9215686274509802
GRVMPVLKSPTIPFFDPQIPK;2;3.9215686274509802
ETIESLSSSEESITEYK;1;1.9607843137254901
VMPVLKSPTIPFFDPQIPK;1;1.9607843137254901
EVSDSLLTSSK;1;1.9607843137254901
SGSGLVGR;1;1.9607843137254901
TLIEKTNEER;1;1.9607843137254901
LNEYNQLQLQAAHAQEQIRR;1;1.9607843137254901
GEADAMSLDGGYVYTAGK;1;1.9607843137254901
KRGPGTPAPTGLSAPLSFIPR;1;1.9607843137254901
DSGRDYVSQFEGSALGK;1;1.9607843137254901
KQDFQKEAQHFR;1;1.9607843137254901
NILREKQTDEIKDTR;1;1.9607843137254901
DSAIGFSRVPPR;1;1.9607843137254901
GGSFQLNELQGLK;1;1.9607843137254901
KPVTEAR;1;1.9607843137254901
LADGGATNQGR;1;1.9607843137254901
