Value;Count;Percentage
Other;21;31.818181818181817
Fucosylated;21;31.818181818181817
Sialylated;14;21.21212121212121
Oligomannose;10;15.151515151515152
