Value;Count;Percentage
Fucosylated;72;40.44943820224719
Other;44;24.719101123595504
Sialylated;38;21.34831460674157
Oligomannose;23;12.921348314606742
Fucosialylated;1;0.5617977528089888
