Value;Count;Percentage
Other;20;38.46153846153847
Oligomannose;16;30.76923076923077
Fucosylated;11;21.153846153846153
Sialylated;3;5.769230769230769
Fucosialylated;2;3.8461538461538463
