Value;Count;Percentage
Fucosylated;14;42.42424242424242
Oligomannose;13;39.39393939393939
Sialylated;3;9.090909090909092
Other;3;9.090909090909092
