Value;Count;Percentage
Oligomannose;42;30.434782608695656
Other;41;29.71014492753623
Fucosylated;41;29.71014492753623
Fucosialylated;7;5.072463768115942
Sialylated;7;5.072463768115942
