Value;Count;Percentage
PSIVGRPR;9;17.307692307692307
QVLKPEPELVYEDLRGSVTFHCALGPEVANVAK;2;3.8461538461538463
HTGLRRTAGWNVPIGTLRPFLNWTGPPEPIEAAVAR;2;3.8461538461538463
ETIESLSSSEESITEYKQKVEK;2;3.8461538461538463
TIESLSSSEESITEYK;2;3.8461538461538463
PTIPFFDPQIPK;2;3.8461538461538463
LRRMWVTGVVTQGASR;1;1.9230769230769231
SAGILVFILLLLVVILIVKK;1;1.9230769230769231
SGLYLGSGYFTAIQNLR;1;1.9230769230769231
AEVENDEMPADLPSLAADFVESK;1;1.9230769230769231
TGIVMDSGDGVTHIVPIYEGYALPHAILR;1;1.9230769230769231
ARSVNGKEDAIWNLLR;1;1.9230769230769231
KVPQVSTPTLVEVS;1;1.9230769230769231
DERPFYQKTAPYVPMYYVPNSYPYYGTNLYQR;1;1.9230769230769231
LKPEPELVYEDLRGSVTFHCALGPEVANVAK;1;1.9230769230769231
CIKRDSPIQCIQAIAENR;1;1.9230769230769231
LTDLENLHLPLPLLQPLMQQVPQPIPQTL;1;1.9230769230769231
SDCPDKFCLFQSETK;1;1.9230769230769231
PYVPMYYVPNSYPYYGTNLYQR;1;1.9230769230769231
SDPDPNCVDRPVEGYLAVAVVR;1;1.9230769230769231
VNGKEDAIWNLLR;1;1.9230769230769231
RTAGWNVPIGTLRPFLNWTGPPEPIEAAVAR;1;1.9230769230769231
VPSHAVVARSVNGKEDAIWNLLR;1;1.9230769230769231
VPFQQLNQLAAYPYAVWYYPQIMQYVPFPPFSDISNPTAHENYEK;1;1.9230769230769231
VPYPQRAVPVQALLLNQELLLNPTHQIYPVTQPLAPVHNPISV;1;1.9230769230769231
RIDSGLYLGSGYFTAIQNLR;1;1.9230769230769231
WSVPQPKVLPIPQQVVPYPQR;1;1.9230769230769231
QQSSDPDPNCVDRPVEGYLAVAVVR;1;1.9230769230769231
VSLSPSLFKPEEFTPLDPTQEPIFPPELLR;1;1.9230769230769231
IQAIAENRADAVTLDGGFIYEAGLAPYK;1;1.9230769230769231
LGPQYVAGITNLKK;1;1.9230769230769231
SVPQPKVLPIPQQVVPYPQR;1;1.9230769230769231
PVQALLLNQELLLNPTHQIYPVTQPLAPVHNPISV;1;1.9230769230769231
PSSNDDNPWIQVNLLR;1;1.9230769230769231
TIESLSSSEESITEYKQKVEK;1;1.9230769230769231
HENDERPFYQKTAPYVPMYYVPNSYPYYGTNLYQR;1;1.9230769230769231
TIESLSSSEESITEYKQK;1;1.9230769230769231
SLDGGYVYTAGK;1;1.9230769230769231
LSSSEESITEYKQKVEK;1;1.9230769230769231
