Value;Count;Percentage
Other;18;33.9622641509434
Fucosylated;16;30.18867924528302
Oligomannose;13;24.528301886792452
Fucosialylated;5;9.433962264150944
Sialylated;1;1.8867924528301887
