Value;Count;Percentage
TAGWNVPIGTLRPFLNWTGPPEPIEAAVAR;4;7.547169811320755
SCHTGLRRTAGWNVPIGTLRPFLNWTGPPEPIEAAVAR;3;5.660377358490567
PYVPMYYVPNSYPYYGTNLYQR;3;5.660377358490567
AVPVQALLLNQELLLNPTHQIYPVTQPLAPVHNPISV;3;5.660377358490567
KQTALVELVK;2;3.7735849056603774
TGLRRTAGWNVPIGTLRPFLNWTGPPEPIEAAVAR;2;3.7735849056603774
TIESLSSSEESITEYKQK;2;3.7735849056603774
AFVKDVTVLQNTDGNNNEAWAK;1;1.8867924528301887
HPSFIAIPPK;1;1.8867924528301887
DVAFVKDVTVLQNTDGNNNEAWAK;1;1.8867924528301887
THYTITIR;1;1.8867924528301887
LRPVAAEVYGTERQ;1;1.8867924528301887
AIAENRADAVTLDGGFIYEAGLAPYK;1;1.8867924528301887
RIDSGLYLGSGYFTAIQNLR;1;1.8867924528301887
PRIDSGLYLGSGYFTAIQNLR;1;1.8867924528301887
LAENAGDVAFVK;1;1.8867924528301887
SPTIPFFDPQIPK;1;1.8867924528301887
TIESLSSSEESITEYK;1;1.8867924528301887
VNGKEDAIWNLLR;1;1.8867924528301887
NAGDVAFVKDVTVLQNTDGNNNEAWAK;1;1.8867924528301887
IQAIAENRADAVTLDGGFIYEAGLAPYK;1;1.8867924528301887
HRSYSCQVTHEGSTVEK;1;1.8867924528301887
TKNLLFNDNTECLAR;1;1.8867924528301887
ALGSVCPSLCPPGGIHQVTINKSLLAPLNVELDPEIQK;1;1.8867924528301887
EVHYHGEPISVNVSINNCTNKVIK;1;1.8867924528301887
PVQALLLNQELLLNPTHQIYPVTQPLAPVHNPISV;1;1.8867924528301887
AMSLDGGYVYTAGK;1;1.8867924528301887
TIESLSSSEESITEYKQKVEK;1;1.8867924528301887
QIGLYPVLVIDSSGYVNPNYTGRIRLDIQG;1;1.8867924528301887
LWEGAQNGRCPLLVDSEGWVK;1;1.8867924528301887
ENAGDVAFVKDVTVLQNTDGNNNEAWAK;1;1.8867924528301887
AENAGDVAFVKDVTVLQNTDGNNNEAWAK;1;1.8867924528301887
QLNQLAAYPYAVWYYPQIMQYVPFPPFSDISNPTAHENYEK;1;1.8867924528301887
KYAASSYLSLTPEQWK;1;1.8867924528301887
AVTLDGGFIYEAGLAPYK;1;1.8867924528301887
LVPVLAENYKSQQSSDPDPNCVDRPVEGYLAVAVVR;1;1.8867924528301887
PQDKDGSFSVVITGLR;1;1.8867924528301887
TFYYAVAVVK;1;1.8867924528301887
LPIPQQVVPYPQR;1;1.8867924528301887
LSGLPKHRVIGSGCNLDSAR;1;1.8867924528301887
PTIPFFDPQIPK;1;1.8867924528301887
