Value;Count;Percentage
Other;9;37.5
Sialylated;5;20.833333333333336
Fucosylated;5;20.833333333333336
Oligomannose;3;12.5
Fucosialylated;2;8.333333333333332
