Value;Count;Percentage
Other;7;30.434782608695656
Fucosylated;7;30.434782608695656
Oligomannose;4;17.391304347826086
Sialylated;3;13.043478260869565
Fucosialylated;2;8.695652173913043
