Value;Count;Percentage
Other;14;28.57142857142857
Sialylated;10;20.408163265306122
Fucosylated;10;20.408163265306122
Oligomannose;8;16.3265306122449
Fucosialylated;7;14.285714285714285
