Value;Count;Percentage
Fucosylated;8;24.242424242424242
Other;7;21.21212121212121
Oligomannose;7;21.21212121212121
Sialylated;7;21.21212121212121
Fucosialylated;4;12.121212121212121
