Value;Count;Percentage
Other;6;26.08695652173913
Sialylated;6;26.08695652173913
Fucosylated;5;21.73913043478261
Oligomannose;4;17.391304347826086
Fucosialylated;2;8.695652173913043
