Value;Count;Percentage
Fucosylated;6;25.0
Sialylated;6;25.0
Oligomannose;5;20.833333333333336
Other;5;20.833333333333336
Fucosialylated;2;8.333333333333332
