Value;Count;Percentage
Oligomannose;7;25.925925925925924
Other;7;25.925925925925924
Fucosylated;5;18.51851851851852
Sialylated;5;18.51851851851852
Fucosialylated;3;11.11111111111111
