Value;Count;Percentage
Other;8;30.76923076923077
Fucosylated;7;26.923076923076923
Sialylated;6;23.076923076923077
Oligomannose;5;19.230769230769234
