Value;Count;Percentage
Fucosylated;8;44.44444444444444
Sialylated;4;22.22222222222222
Other;3;16.666666666666664
Oligomannose;2;11.11111111111111
Fucosialylated;1;5.555555555555555
