Value;Count;Percentage
Other;20;46.51162790697674
Fucosylated;11;25.581395348837212
Oligomannose;7;16.27906976744186
Sialylated;3;6.976744186046512
Fucosialylated;2;4.651162790697675
