Value;Count;Percentage
Other;16;53.333333333333336
Oligomannose;6;20.0
Fucosylated;5;16.666666666666664
Sialylated;2;6.666666666666667
Fucosialylated;1;3.3333333333333335
