Value;Count;Percentage
Fucosylated;4;33.33333333333333
Oligomannose;4;33.33333333333333
Other;2;16.666666666666664
Sialylated;2;16.666666666666664
