Value;Count;Percentage
Other;8;36.36363636363637
Fucosylated;7;31.818181818181817
Oligomannose;4;18.181818181818183
Fucosialylated;2;9.090909090909092
Sialylated;1;4.545454545454546
