Value;Count;Percentage
Other;12;26.666666666666668
Sialylated;11;24.444444444444443
Oligomannose;9;20.0
Fucosylated;8;17.77777777777778
Fucosialylated;5;11.11111111111111
