Value;Count;Percentage
Fucosylated;13;34.21052631578947
Other;9;23.684210526315788
Oligomannose;8;21.052631578947366
Sialylated;7;18.421052631578945
Fucosialylated;1;2.631578947368421
